 Código fuente, Fuente
3012,Administrative insurance records
3014,Administrative population register
3015,Administrative records
3018,Employment surveys
3019,Establishment census
3044,FAO Model
3021,Household income and expenditure survey
3022,Household survey
3043,ILO - ILO Modelled Estimates
3047,ILO - Modelled Estimates; FAOSTAT - Value added (2015 US$)
3023,Labour force survey
3033,Official estimates
3045,Other - Reports on Labour
3035,Population census
3046,SNA - National Accounts
