 Código del indicador, Indicador
21142,Employment by age in rural areas
21094,Employment by age; 15 to 24; rural areas
21095,Employment by age; 25 to 54; rural areas
21096,Employment by age; 55 to 64; rural areas
21092,Employment by age; 65+; rural areas
21087,Employment by age; total (15+); rural areas
21143,Employment by status in employment in rural areas
21108,Employment by status of employment; employees; rural areas
21109,Employment by status of employment; self-employed; rural areas
21098,Employment by status of employment; total; rural areas
21116,Employment by status of employment; workers not classified; rural areas
21148,Employment-to-population ratio by age in rural areas
21103,Employment-to-population ratio by age; 15 to 24; rural areas
21104,Employment-to-population ratio by age; 25 to 54; rural areas
21105,Employment-to-population ratio by age; 55 to 64; rural areas
21101,Employment-to-population ratio by age; 65+; rural areas
21069,Employment-to-population ratio by age; total (15+); rural areas
21149,Labour force participation rate by age in rural areas
21122,Labour force participation rate by age; 15 to 24; rural areas
21123,Labour force participation rate by age; 25 to 54; rural areas
21124,Labour force participation rate by age; 55 to 64; rural areas
21117,Labour force participation rate by age; 65+; rural areas
21072,Labour force participation rate by age; total (15+); rural areas
21154,Share of employment by status in employment in rural areas
21133,Share of employment by status of employment; employees; rural areas
21135,Share of employment by status of employment; self-employed; rural areas
21125,Share of employment by status of employment; total; rural areas
21139,Share of employment by status of employment; workers not classified; rural areas
